CONTEST_CODE;GROUP_CODE;REWARD_CODE
CONTEST_999;BANK;ITEM_01
CONTEST_999;BANK;ITEM_01_2025-1_01
CONTEST_999;BANK;ITEM_01_2025-1_02
CONTEST_999;BANK;ITEM_01_2025-1_03
CONTEST_999;BANK;ITEM_01_2025-1_06
CONTEST_999;BANK;ITEM_01_2025-1_07
CONTEST_999;BANK;ITEM_01_2025-1_08
CONTEST_999;BANK;ITEM_01_2025-1_09
CONTEST_999;BANK;ITEM_01_2025-1_10
CONTEST_999;BANK;ITEM_01_2025-1_13
CONTEST_999;BANK;ITEM_02
CONTEST_999;BANK;ITEM_02_2025-1_01
CONTEST_999;BANK;ITEM_02_2025-1_02
CONTEST_999;BANK;ITEM_02_2025-1_03
CONTEST_999;BANK;ITEM_02_2025-1_06
CONTEST_999;BANK;ITEM_02_2025-1_07
CONTEST_999;BANK;ITEM_02_2025-1_08
CONTEST_999;BANK;ITEM_02_2025-1_10
CONTEST_999;BANK;ITEM_02_2025-1_13
CONTEST_999;BANK;ITEM_02_2025-1_14
CONTEST_999;BANK;ITEM_03
CONTEST_999;BANK;ITEM_04
CONTEST_999;BANK;ITEM_05
CONTEST_999;BANK;ITEM_06
CONTEST_999;BANK;ITEM_07
CONTEST_999;BANK;ITEM_08
CONTEST_999;BANK;ITEM_09
CONTEST_999;BANK;ITEM_10
CONTEST_999;BANK;ITEM_11
CONTEST_999;BANK;ITEM_12
CONTEST_999;BANK;ITEM_13
CONTEST_999;BANK;ITEM_14
CONTEST_999;BANK;ITEM_m_01
CONTEST_999;BANK;ITEM_m_02
CONTEST_999;BANK;ITEM_m_03
CONTEST_999;BANK;ITEM_m_04
CONTEST_999;BANK;ITEM_m_05
CONTEST_999;BANK;ITEM_m_06
CONTEST_999;BANK;ITEM_m_07
CONTEST_999;BANK;ITEM_m_08
CONTEST_999;BANK;ITEM_m_09
CONTEST_50;BANK;LABEL_01
CONTEST_51;BANK;LABEL_02
CONTEST_52;BANK;LABEL_03
CONTEST_55;BANK;LABEL_05
CONTEST_56;BANK;LABEL_06
CONTEST_57;BANK;LABEL_07
01_2025-0_00-2_1;BANK;r_01_2025-0_00-2_1_1
01_2025-0_00-2_2;BANK;r_01_2025-0_00-2_2_1
01_2025-0_01-3_1;BANK;r_01_2025-0_01-3_1
04_2025-0_01-3_1;BANK;r_04_2025-0_01-3_1
01_2025-0_01-4_1;BANK;r_01_2025-0_01-4_1
01_2025-0_01-4_2;BANK;r_01_2025-0_01-4_2
01_2025-0_01-4_3;BANK;r_01_2025-0_01-4_3
01_2025-0_01-5_1;BANK;r_01_2025-0_01-5_1
01_2025-0_01-9_1;BANK;r_01_2025-0_01-9_1
01_2025-0_01-9_2;BANK;r_01_2025-0_01-9_2
01_2025-0_01-9_3;BANK;r_01_2025-0_01-9_3
01_2025-0_03-2-1;BANK;r_01_2025-0_03-2-1_1
01_2025-0_03-2-2;BANK;r_01_2025-0_03-2-2_1
01_2025-0_03-2-3;BANK;r_01_2025-0_03-2-3_1
01_2025-0_03-2-3;TB;r_01_2025-0_03-2-3_2
01_2025-0_03-2-4;BANK;r_01_2025-0_03-2-4_1
01_2025-0_03-2-4;TB;r_01_2025-0_03-2-4_2
01_2025-0_03-2-5;BANK;r_01_2025-0_03-2-5_1
01_2025-0_03-2-6;BANK;r_01_2025-0_03-2-6_1
01_2025-0_03-2-7;BANK;r_01_2025-0_03-2-7_1
01_2025-0_05-1_1;BANK;r_01_2025-0_05-1_1
01_2025-0_05-1_2;BANK;r_01_2025-0_05-1_2
01_2025-0_05-1_3;BANK;r_01_2025-0_05-1_3
01_2025-0_08-2_3;BANK;r_01_2025-0_08-2_3
01_2025-0_08-2_4;TB;r_01_2025-0_08-2_4_1
01_2025-0_08-2_5;TB;r_01_2025-0_08-2_5_1
01_2025-0_08-5_1;BANK;r_01_2025-0_08-5_1
01_2025-0_08-6_1;BANK;r_01_2025-0_08-6_1
01_2025-0_10-1_1;BANK;r_01_2025-0_10-1_1
01_2025-0_10-1_2;BANK;r_01_2025-0_10-1_2
01_2025-0_10-1_3;BANK;r_01_2025-0_10-1_3
01_2025-0_10-1_4;BANK;r_01_2025-0_10-1_4
01_2025-0_10-2_1;BANK;r_01_2025-0_10-2_1
01_2025-0_10-3_1;BANK;r_01_2025-0_10-3_1
01_2025-0_10-3_2;BANK;r_01_2025-0_10-3_2
01_2025-0_10-3_3;BANK;r_01_2025-0_10-3_3
01_2025-0_10-5_1;GROUPING;r_01_2025-0_10-5_1_1
01_2025-0_10-5_2;GROUPING;r_01_2025-0_10-5_2_1
01_2025-0_10-5_3;GROUPING;r_01_2025-0_10-5_3_1
01_2025-0_10-5_4;GROUPING;r_01_2025-0_10-5_4_1
01_2025-0_10-5_5;GROUPING;r_01_2025-0_10-5_5_1
01_2025-0_10-5_6;GROUPING;r_01_2025-0_10-5_6_1
01_2025-0_10-5_7;GROUPING;r_01_2025-0_10-5_7_1
01_2025-0_10-5_8;GROUPING;r_01_2025-0_10-5_8_1
01_2025-0_10-5_9;GROUPING;r_01_2025-0_10-5_9_1
01_2025-0_11-1_1;GROUPING;r_01_2025-0_11-1_1_1
01_2025-0_11-1_1;GROUPING;r_01_2025-0_11-1_1_2
01_2025-0_11-1_1;GROUPING;r_01_2025-0_11-1_1_3
01_2025-0_12-1_1;BANK;r_01_2025-0_12-1_1
01_2025-0_13-1_1;BANK;r_01_2025-0_13-1_1
01_2025-0_13-1_2;BANK;r_01_2025-0_13-1_2
01_2025-0_13-1_3;BANK;r_01_2025-0_13-1_3
01_2025-0_13-1_4;BANK;r_01_2025-0_13-1_4
01_2025-0_13-1_5;BANK;r_01_2025-0_13-1_5
01_2025-0_13-1_6;BANK;r_01_2025-0_13-1_6
01_2025-0_16-1_1;BANK;r_01_2025-0_16-1_1
01_2025-0_18-7_1;BANK;r_01_2025-0_18-7_1
01_2025-0_18-7_2;BANK;r_01_2025-0_18-7_2
01_2025-0_18-7_3;BANK;r_01_2025-0_18-7_3
01_2025-0_18-7_4;BANK;r_01_2025-0_18-7_4
01_2025-0_18-7_5;BANK;r_01_2025-0_18-7_5_1
01_2025-0_18-7_5;TB;r_01_2025-0_18-7_5_2
01_2025-1_00-1;BANK;r_01_2025-1_00-1_1
01_2025-1_00-1;BANK;r_01_2025-1_00-1_2
01_2025-1_00-1;BANK;r_01_2025-1_00-1_3
01_2026-1_00-1;BANK;r_01_2026-1_00-1_1
01_2026-1_00-1;BANK;r_01_2026-1_00-1_2
01_2026-1_00-1;BANK;r_01_2026-1_00-1_3
01_2025-1_01-6;BANK;r_01_2025-1_01-6
01_2025-1_01-7_1;BANK;r_01_2025-1_01-7_1_1
01_2025-1_01-7_1;BANK;r_01_2025-1_01-7_1_2
01_2025-1_01-7_1;BANK;r_01_2025-1_01-7_1_3
01_2025-1_01-8;BANK;r_01_2025-1_01-8
01_2025-1_02-1_1;BANK;r_01_2025-1_02-1_1_1
01_2025-1_02-1_1;BANK;r_01_2025-1_02-1_1_2
01_2025-1_02-1_1;TB;r_01_2025-1_02-1_1_3
01_2025-1_02-1_2;TB;r_01_2025-1_02-1_2_2
01_2025-1_02-2_2;BANK;r_01_2025-1_02-2_2_1
01_2025-1_02-2_2;BANK;r_01_2025-1_02-2_2_2
01_2025-1_02-2_2;TB;r_01_2025-1_02-2_2_3
01_2025-1_02-3_1t;GOSB;r_01_2025-1_02-3_1t_1
01_2025-1_02-3_1t;TB;r_01_2025-1_02-3_1t_3
01_2025-1_02-3_1t;BANK;r_01_2025-1_02-3_1t_4
01_2025-1_04-1_1;BANK;r_01_2025-1_04-1_1_1
01_2025-1_04-1_1;TB;r_01_2025-1_04-1_1_2
01_2025-1_05-1_1;BANK;r_01_2025-1_05-1_1_1
01_2025-1_05-1_1;TB;r_01_2025-1_05-1_1_2
01_2025-1_05-1_1;GOSB;r_01_2025-1_05-1_1_3
01_2025-1_05-1_2t;BANK;r_01_2025-1_05-1_2t_1
01_2025-1_05-1_2t;TB;r_01_2025-1_05-1_2t_2
01_2025-1_05-1_2t;GOSB;r_01_2025-1_05-1_2t_3
01_2025-1_07-5_1;BANK;r_01_2025-1_07-5_1
01_2025-1_07-5_10;BANK;r_01_2025-1_07-5_10
01_2025-1_07-5_2;BANK;r_01_2025-1_07-5_2
01_2025-1_07-5_3;BANK;r_01_2025-1_07-5_3
01_2025-1_07-5_5;BANK;r_01_2025-1_07-5_5_1
01_2025-1_07-5_6;BANK;r_01_2025-1_07-5_6_1
01_2025-1_07-5_7;BANK;r_01_2025-1_07-5_7_1
01_2025-1_07-5_8;BANK;r_01_2025-1_07-5_8
01_2025-1_07-5_9;BANK;r_01_2025-1_07-5_9
01_2025-1_08-1_1;BANK;r_01_2025-1_08-1_1_1
01_2025-1_08-1_1;BANK;r_01_2025-1_08-1_1_2
01_2025-1_08-1_1;TB;r_01_2025-1_08-1_1_3
01_2025-1_09-1_1;BANK;r_01_2025-1_09-1_1_1
01_2025-1_09-1_1;BANK;r_01_2025-1_09-1_1_2
01_2025-1_09-1_1;GOSB;r_01_2025-1_09-1_1_3
01_2025-1_14-1_1;BANK;r_01_2025-1_14-1_1_1
01_2025-1_14-1_1;TB;r_01_2025-1_14-1_1_2
01_2025-1_14-1_1;GOSB;r_01_2025-1_14-1_1_3
01_2025-1_15-1_2;BANK;r_01_2025-1_15-1_2_1
01_2025-1_15-1_2;BANK;r_01_2025-1_15-1_2_2
01_2025-1_15-1_2;BANK;r_01_2025-1_15-1_2_3
01_2025-1_16-1_1;BANK;r_01_2025-1_16-1_1_1
01_2025-1_16-1_1;BANK;r_01_2025-1_16-1_1_2
01_2025-1_16-1_1;BANK;r_01_2025-1_16-1_1_3
01_2025-1_17-2_1;BANK;r_01_2025-1_17-2_1
01_2025-1_17-2_2;BANK;r_01_2025-1_17-2_2
01_2025-1_17-2_3;BANK;r_01_2025-1_17-2_3
01_2025-1_17-2_4;BANK;r_01_2025-1_17-2_4
01_2025-2_00-1;BANK;r_01_2025-2_00-1_1
01_2025-2_00-1;BANK;r_01_2025-2_00-1_2
01_2025-2_00-1_2;BANK;r_01_2025-2_00-1_2_1
01_2025-2_00-1_2;BANK;r_01_2025-2_00-1_2_2
01_2025-2_00-1_2;BANK;r_01_2025-2_00-1_2_3
01_2025-2_00-1;BANK;r_01_2025-2_00-1_3
01_2025-2_01-7_1;BANK;r_01_2025-2_01-7_1_1
01_2025-2_01-7_1;BANK;r_01_2025-2_01-7_1_2
01_2025-2_01-7_1;BANK;r_01_2025-2_01-7_1_3
01_2025-2_02-1_2;BANK;r_01_2025-2_02-1_2_1
01_2025-2_02-1_3;BANK;r_01_2025-2_02-1_3_1
01_2025-2_02-1_3;TB;r_01_2025-2_02-1_3_2
01_2025-2_02-1_4;BANK;r_01_2025-2_02-1_4_1
01_2025-2_02-2_3;BANK;r_01_2025-2_02-2_3_1
01_2025-2_02-2_5;BANK;r_01_2025-2_02-2_5_1
01_2025-2_02-2_6;BANK;r_01_2025-2_02-2_6_1
01_2025-2_02-2_7;BANK;r_01_2025-2_02-2_7_1
01_2025-2_03-6_1;BANK;r_01_2025-2_03-6_1_1
01_2025-2_03-6_2;BANK;r_01_2025-2_03-6_2_1
01_2025-2_03-6_3;BANK;r_01_2025-2_03-6_3_1
01_2025-2_03-6_4;BANK;r_01_2025-2_03-6_4_1
01_2025-2_03-6_5;BANK;r_01_2025-2_03-6_5_1
01_2025-2_03-6_6;BANK;r_01_2025-2_03-6_6_1
01_2025-2_03-6_7;BANK;r_01_2025-2_03-6_7_1
01_2025-2_03-6_8;BANK;r_01_2025-2_03-6_8_1
01_2025-2_03-6_9;BANK;r_01_2025-2_03-6_9_1
01_2025-2_05-1_1;BANK;r_01_2025-2_05-1_1_1
01_2025-2_05-1_1;TB;r_01_2025-2_05-1_1_2
01_2025-2_05-1_1;GOSB;r_01_2025-2_05-1_1_3
01_2025-2_07-2_1;BANK;r_01_2025-2_07-2_1_1
01_2025-2_07-2_1;BANK;r_01_2025-2_07-2_1_2
01_2025-2_07-2_1;TB;r_01_2025-2_07-2_1_3
01_2025-2_07-2_2;BANK;r_01_2025-2_07-2_2
01_2025-2_08-1_1;BANK;r_01_2025-2_08-1_1_1
01_2025-2_08-1_1;BANK;r_01_2025-2_08-1_1_2
01_2025-2_08-1_1;TB;r_01_2025-2_08-1_1_3
01_2025-2_08-1_2;BANK;r_01_2025-2_08-1_2_1
01_2025-2_08-2_6;TB;r_01_2025-2_08-2_6_1
01_2025-2_08-2_6;TB;r_01_2025-2_08-2_6_2
01_2025-2_08-2_6;TB;r_01_2025-2_08-2_6_3
01_2025-2_09-1_1;BANK;r_01_2025-2_09-1_1_1
01_2025-2_09-1_1;BANK;r_01_2025-2_09-1_1_2
01_2025-2_09-1_1;GOSB;r_01_2025-2_09-1_1_3
01_2025-2_09-1_2;BANK;r_01_2025-2_09-1_2
01_2025-2_09-1_3;BANK;r_01_2025-2_09-1_3
01_2025-2_09-1_4;BANK;r_01_2025-2_09-1_4
01_2025-2_10-1_6;BANK;r_01_2025-2_10-1_6_1
01_2025-2_10-1_6;BANK;r_01_2025-2_10-1_6_2
01_2025-2_10-1_6;BANK;r_01_2025-2_10-1_6_3
01_2025-2_14-1_1;BANK;r_01_2025-2_14-1_1_1
01_2025-2_14-1_1;TB;r_01_2025-2_14-1_1_2
01_2025-2_14-1_1;GOSB;r_01_2025-2_14-1_1_3
01_2025-2_14-1_2;BANK;r_01_2025-2_14-1_2_1
01_2025-2_14-1_3;BANK;r_01_2025-2_14-1_3_1
01_2025-2_14-1_3;TB;r_01_2025-2_14-1_3_2
01_2025-2_14-1_4;BANK;r_01_2025-2_14-1_4_1
01_2025-2_14-1_5;BANK;r_01_2025-2_14-1_5_1
01_2025-2_14-1_6;BANK;r_01_2025-2_14-1_6_1
01_2025-2_14-1_7;BANK;r_01_2025-2_14-1_7_1
01_2025-2_14-2_1;BANK;r_01_2025-2_14-2_1
01_2025-2_14-2_2;BANK;r_01_2025-2_14-2_2
01_2025-2_14-2_3;BANK;r_01_2025-2_14-2_3
01_2025-2_14-2_4;BANK;r_01_2025-2_14-2_4_1
01_2025-2_14-2_5;BANK;r_01_2025-2_14-2_5_1
01_2025-2_15-1_2;BANK;r_01_2025-2_15-1_2_1
01_2025-2_15-1_2;BANK;r_01_2025-2_15-1_2_2
01_2025-2_15-1_2;BANK;r_01_2025-2_15-1_2_3
01_2026-1_15-1_2;BANK;r_01_2026-1_15-1_2_1
01_2026-1_15-1_2;BANK;r_01_2026-1_15-1_2_2
01_2026-1_15-1_2;BANK;r_01_2026-1_15-1_2_3
01_2025-2_16-1_1;BANK;r_01_2025-2_16-1_1_1
01_2025-2_16-1_1;BANK;r_01_2025-2_16-1_1_2
01_2025-2_16-1_1;BANK;r_01_2025-2_16-1_1_3
01_2025-2_21-1_1;BANK;r_01_2025-2_21-1_1
01_2026-0_09-1_2;BANK;r_01_2026-0_09-1_2
01_2026-0_09-1_3;BANK;r_01_2026-0_09-1_3
01_2026-0_09-1_4;BANK;r_01_2026-0_09-1_4
01_2026-0_10-1_1;BANK;r_01_2026-0_10-1_1
01_2026-0_10-1_2;BANK;r_01_2026-0_10-1_2
01_2026-0_10-1_3;BANK;r_01_2026-0_10-1_3
01_2026-0_10-1_4;BANK;r_01_2026-0_10-1_4
01_2026-0_13-1_1;BANK;r_01_2026-0_13-1_1
01_2026-0_13-1_2;BANK;r_01_2026-0_13-1_2
01_2026-0_13-1_3;BANK;r_01_2026-0_13-1_3
01_2026-0_13-1_4;BANK;r_01_2026-0_13-1_4
01_2026-0_13-1_5;BANK;r_01_2026-0_13-1_5
01_2026-0_13-1_6;BANK;r_01_2026-0_13-1_6
02_2025-0_01-4_1;BANK;r_02_2025-0_01-4_1
02_2025-0_01-4_2;BANK;r_02_2025-0_01-4_2
02_2025-0_01-4_3;BANK;r_02_2025-0_01-4_3
02_2025-1_00-1;BANK;r_02_2025-1_00-1_1
02_2025-1_00-1;BANK;r_02_2025-1_00-1_2
02_2025-1_00-1;BANK;r_02_2025-1_00-1_3
02_2026-1_00-1;BANK;r_02_2026-1_00-1_1
02_2026-1_00-1;BANK;r_02_2026-1_00-1_2
02_2026-1_00-1;BANK;r_02_2026-1_00-1_3
02_2025-1_07-1_1;BANK;r_02_2025-1_07-1_1_1
02_2025-1_07-1_1;TB;r_02_2025-1_07-1_1_2
02_2025-1_07-1_1;TB;r_02_2025-1_07-1_1_3
02_2025-1_07-2_1;BANK;r_02_2025-1_07-2_1_1
02_2025-1_07-2_1;TB;r_02_2025-1_07-2_1_2
02_2025-1_07-2_1;TB;r_02_2025-1_07-2_1_3
02_2025-1_07-5_1;BANK;r_02_2025-1_07-5_1
02_2025-1_07-5_10;BANK;r_02_2025-1_07-5_10
02_2025-1_07-5_2;BANK;r_02_2025-1_07-5_2
02_2025-1_07-5_3;BANK;r_02_2025-1_07-5_3
02_2025-1_07-5_4;BANK;r_02_2025-1_07-5_4_1
02_2025-1_07-5_4;TB;r_02_2025-1_07-5_4_2
02_2025-1_07-5_4;TB;r_02_2025-1_07-5_4_3
02_2025-1_07-5_5;BANK;r_02_2025-1_07-5_5_1
02_2025-1_07-5_6;BANK;r_02_2025-1_07-5_6_1
02_2025-1_07-5_7;BANK;r_02_2025-1_07-5_7_1
02_2025-1_07-5_8;BANK;r_02_2025-1_07-5_8
02_2025-1_07-5_9;BANK;r_02_2025-1_07-5_9
02_2025-1_07-7_1;BANK;r_02_2025-1_07-7_1_1
02_2025-1_07-7_1;TB;r_02_2025-1_07-7_1_2
02_2025-1_07-7_1;TB;r_02_2025-1_07-7_1_3
02_2025-1_07-8_1;BANK;r_02_2025-1_07-8_1_1
02_2025-1_07-8_1;TB;r_02_2025-1_07-8_1_2
02_2025-1_07-8_1;TB;r_02_2025-1_07-8_1_3
02_2025-1_07-9_1;BANK;r_02_2025-1_07-9_1_1
02_2025-1_07-9_1;TB;r_02_2025-1_07-9_1_2
02_2025-1_07-9_1;TB;r_02_2025-1_07-9_1_3
02_2025-2_00-1;BANK;r_02_2025-2_00-1_1
02_2025-2_00-1;BANK;r_02_2025-2_00-1_2
02_2025-2_00-1;BANK;r_02_2025-2_00-1_3
02_2025-2_07-1_1;BANK;r_02_2025-2_07-1_1_1
02_2025-2_07-1_1;TB;r_02_2025-2_07-1_1_2
02_2025-2_07-1_1;TB;r_02_2025-2_07-1_1_3
02_2025-2_07-10_1;BANK;r_02_2025-2_07-10_1_1
02_2025-2_07-10_1;BANK;r_02_2025-2_07-10_1_2
02_2025-2_07-10_1;TB;r_02_2025-2_07-10_1_3
02_2025-2_07-11_3;BANK;r_02_2025-2_07-11_3
02_2025-2_07-2_1;BANK;r_02_2025-2_07-2_1_1
02_2025-2_07-2_1;TB;r_02_2025-2_07-2_1_2
02_2025-2_07-2_1;TB;r_02_2025-2_07-2_1_3
02_2025-2_07-2_2;BANK;r_02_2025-2_07-2_2
02_2025-2_07-3_1;BANK;r_02_2025-2_07-3_1_1
02_2025-2_07-3_1;BANK;r_02_2025-2_07-3_1_2
02_2025-2_07-3_1;TB;r_02_2025-2_07-3_1_3
02_2025-2_07-5_4;BANK;r_02_2025-2_07-5_4_1
02_2025-2_07-5_4;TB;r_02_2025-2_07-5_4_2
02_2025-2_07-5_4;TB;r_02_2025-2_07-5_4_3
02_2025-2_07-7_1;BANK;r_02_2025-2_07-7_1_1
02_2025-2_07-7_1;TB;r_02_2025-2_07-7_1_2
02_2025-2_07-7_1;TB;r_02_2025-2_07-7_1_3
02_2025-2_07-8_1;BANK;r_02_2025-2_07-8_1_1
02_2025-2_07-8_1;TB;r_02_2025-2_07-8_1_2
02_2025-2_07-8_1;TB;r_02_2025-2_07-8_1_3
02_2025-2_07-9_1;BANK;r_02_2025-2_07-9_1_1
02_2025-2_07-9_1;TB;r_02_2025-2_07-9_1_2
02_2025-2_07-9_1;TB;r_02_2025-2_07-9_1_3
03_2025-0_00-1;BANK;r_03_2025-0_00-1_1
03_2025-0_00-1;BANK;r_03_2025-0_00-1_2
03_2025-0_00-1;BANK;r_03_2025-0_00-1_3
03_2025-0_01-4_1;BANK;r_03_2025-0_01-4_1
03_2025-0_01-4_2;BANK;r_03_2025-0_01-4_2
03_2025-0_01-4_3;BANK;r_03_2025-0_01-4_3
04_2025-0_00-1;BANK;r_04_2025-0_00-1_1
04_2025-0_00-1;BANK;r_04_2025-0_00-1_2
04_2025-0_00-1;BANK;r_04_2025-0_00-1_3
04_2026-0_00-1;BANK;r_04_2026-0_00-1_1
04_2026-0_00-1;BANK;r_04_2026-0_00-1_2
04_2026-0_00-1;BANK;r_04_2026-0_00-1_3
04_2025-0_15-1_1;BANK;r_04_2025-0_15-1_1_1
04_2025-0_15-1_1;BANK;r_04_2025-0_15-1_1_2
04_2025-0_15-1_1;BANK;r_04_2025-0_15-1_1_3
04_2026-0_15-1_1;BANK;r_04_2026-0_15-1_1_1
04_2026-0_15-1_1;BANK;r_04_2026-0_15-1_1_2
04_2026-0_15-1_1;BANK;r_04_2026-0_15-1_1_3
04_2025-0_15-1_2;BANK;r_04_2025-0_15-1_2_1
04_2025-0_15-1_2;BANK;r_04_2025-0_15-1_2_2
04_2025-0_15-1_2;BANK;r_04_2025-0_15-1_2_3
04_2026-0_15-1_2;BANK;r_04_2026-0_15-1_2_1
04_2026-0_15-1_2;BANK;r_04_2026-0_15-1_2_2
04_2026-0_15-1_2;BANK;r_04_2026-0_15-1_2_3
04_2025-0_15-1_3;BANK;r_04_2025-0_15-1_3_1
04_2025-0_15-1_3;BANK;r_04_2025-0_15-1_3_2
04_2025-0_15-1_3;BANK;r_04_2025-0_15-1_3_3
04_2026-0_15-1_3;BANK;r_04_2026-0_15-1_3_1
04_2026-0_15-1_3;BANK;r_04_2026-0_15-1_3_2
04_2026-0_15-1_3;BANK;r_04_2026-0_15-1_3_3
04_2025-0_15-2_1;BANK;r_04_2025-0_15-2_1_1
04_2025-0_15-2_1;BANK;r_04_2025-0_15-2_1_2
04_2025-0_15-2_1;BANK;r_04_2025-0_15-2_1_3
04_2025-0_15-2_2;BANK;r_04_2025-0_15-2_2_1
04_2025-0_15-2_2;BANK;r_04_2025-0_15-2_2_2
04_2025-0_15-2_2;BANK;r_04_2025-0_15-2_2_3
04_2025-0_15-2_3;BANK;r_04_2025-0_15-2_3_1
04_2025-0_15-2_3;BANK;r_04_2025-0_15-2_3_2
04_2025-0_15-2_3;BANK;r_04_2025-0_15-2_3_3
04_2026-0_15-2_1;BANK;r_04_2026-0_15-2_1_1
04_2026-0_15-2_1;BANK;r_04_2026-0_15-2_1_2
04_2026-0_15-2_1;BANK;r_04_2026-0_15-2_1_3
04_2026-0_15-2_2;BANK;r_04_2026-0_15-2_2_1
04_2026-0_15-2_2;BANK;r_04_2026-0_15-2_2_2
04_2026-0_15-2_2;BANK;r_04_2026-0_15-2_2_3
04_2026-0_15-2_3;BANK;r_04_2026-0_15-2_3_1
04_2026-0_15-2_3;BANK;r_04_2026-0_15-2_3_2
04_2026-0_15-2_3;BANK;r_04_2026-0_15-2_3_3
05_2025-0_00-1;BANK;r_05_2025-0_00-1_1
05_2025-0_00-1;BANK;r_05_2025-0_00-1_2
05_2025-0_00-1;BANK;r_05_2025-0_00-1_3
05_2025-0_18-1_1;TB;r_05_2025-0_18-1_1_1
05_2025-0_18-1_1;TB;r_05_2025-0_18-1_1_2
05_2025-0_18-2_1;TB;r_05_2025-0_18-2_1_1
05_2025-0_18-2_1;BANK;r_05_2025-0_18-2_1_2
05_2025-0_18-2_2;BANK;r_05_2025-0_18-2_2_1
05_2025-0_18-3_1;TB;r_05_2025-0_18-3_1_1
05_2025-0_18-3_1;TB;r_05_2025-0_18-3_1_2
05_2025-0_18-3_1;TB;r_05_2025-0_18-3_1_3
05_2025-0_18-4_1;TB;r_05_2025-0_18-4_1_1
05_2025-0_18-4_1;TB;r_05_2025-0_18-4_1_2
05_2025-0_18-5_1;BANK;r_05_2025-0_18-5_1_1
05_2025-0_18-6_1;BANK;r_05_2025-0_18-6_1_1
05_2025-0_18-7_1;BANK;r_05_2025-0_18-7_1
05_2025-0_18-7_2;BANK;r_05_2025-0_18-7_2
05_2025-0_18-7_3;BANK;r_05_2025-0_18-7_3
05_2025-0_18-7_4;BANK;r_05_2025-0_18-7_4
05_2025-0_18-8_1;BANK;r_05_2025-0_18-8_1_1
05_2025-0_18-8_2;BANK;r_05_2025-0_18-8_2_2
05_2025-0_18-8_3;BANK;r_05_2025-0_18-8_3_3
05_2025-0_18-8_4;BANK;r_05_2025-0_18-8_4_4
06_2025-0_00-1;BANK;r_06_2025-0_00-1_1
06_2025-0_00-1;BANK;r_06_2025-0_00-1_2
06_2025-0_00-1;BANK;r_06_2025-0_00-1_3
06_2025-0_18-1_1;BANK;r_06_2025-0_18-1_1_1
06_2025-0_18-1_1;BANK;r_06_2025-0_18-1_1_2
06_2025-0_18-1_1;BANK;r_06_2025-0_18-1_1_3
06_2025-0_18-2_1;BANK;r_06_2025-0_18-2_1_1
06_2025-0_18-2_1;BANK;r_06_2025-0_18-2_1_2
06_2025-0_18-2_2;BANK;r_06_2025-0_18-2_2_1
06_2025-0_18-3_1;BANK;r_06_2025-0_18-3_1_1
06_2025-0_18-3_1;BANK;r_06_2025-0_18-3_1_2
06_2025-0_18-3_1;BANK;r_06_2025-0_18-3_1_3
06_2025-0_18-4_1;BANK;r_06_2025-0_18-4_1_1
06_2025-0_18-4_1;BANK;r_06_2025-0_18-4_1_2
06_2025-0_18-4_1;BANK;r_06_2025-0_18-4_1_3
07_2025-0_00-1;BANK;r_07_2025-0_00-1_1
07_2025-0_00-1;BANK;r_07_2025-0_00-1_2
07_2025-0_00-1;BANK;r_07_2025-0_00-1_3
07_2025-0_18-1_1;BANK;r_07_2025-0_18-1_1_1
07_2025-0_18-1_1;BANK;r_07_2025-0_18-1_1_2
07_2025-0_18-1_1;BANK;r_07_2025-0_18-1_1_3
07_2025-0_18-2_1;BANK;r_07_2025-0_18-2_1_1
07_2025-0_18-2_2;BANK;r_07_2025-0_18-2_2_1
07_2025-0_18-3_1;BANK;r_07_2025-0_18-3_1_1
07_2025-0_18-3_1;BANK;r_07_2025-0_18-3_1_2
07_2025-0_18-3_1;BANK;r_07_2025-0_18-3_1_3
07_2025-0_18-4_1;BANK;r_07_2025-0_18-4_1_1
07_2025-0_18-4_1;BANK;r_07_2025-0_18-4_1_2
07_2025-0_18-4_1;BANK;r_07_2025-0_18-4_1_3
08_2025-0_00-1;BANK;r_08_2025-0_00-1_1
08_2025-0_00-1;BANK;r_08_2025-0_00-1_2
08_2025-0_00-1;BANK;r_08_2025-0_00-1_3
08_2025-0_18-1_1;BANK;r_08_2025-0_18-1_1_1
08_2025-0_18-1_1;BANK;r_08_2025-0_18-1_1_2
08_2025-0_18-1_1;BANK;r_08_2025-0_18-1_1_3
08_2025-0_18-2_1;BANK;r_08_2025-0_18-2_1_1
08_2025-0_18-2_1;BANK;r_08_2025-0_18-2_1_2
08_2025-0_18-2_1;BANK;r_08_2025-0_18-2_1_3
08_2025-0_18-2_2;BANK;r_08_2025-0_18-2_2_1
08_2025-0_18-3_1;BANK;r_08_2025-0_18-3_1_1
08_2025-0_18-3_1;BANK;r_08_2025-0_18-3_1_2
08_2025-0_18-3_1;BANK;r_08_2025-0_18-3_1_3
08_2025-0_18-4_1;BANK;r_08_2025-0_18-4_1_1
08_2025-0_18-4_1;BANK;r_08_2025-0_18-4_1_2
08_2025-0_18-4_1;BANK;r_08_2025-0_18-4_1_3
CONTEST_00;BANK;REWARD_00_01
CONTEST_00;BANK;REWARD_00_02
CONTEST_01;BANK;REWARD_01
CONTEST_02;BANK;REWARD_02
CONTEST_03;BANK;REWARD_03
CONTEST_04;BANK;REWARD_04
CONTEST_05;BANK;REWARD_05
CONTEST_06;BANK;REWARD_06
CONTEST_07;BANK;REWARD_07
CONTEST_08_01;GOSB;REWARD_09_01
CONTEST_08_01;TB;REWARD_09_03
CONTEST_08_01;BANK;REWARD_09_04
CONTEST_10_01;TB;REWARD_10_03
CONTEST_10_01;BANK;REWARD_10_04
CONTEST_100;BANK;REWARD_100_01
CONTEST_100;BANK;REWARD_100_02
CONTEST_11;BANK;REWARD_11_01
CONTEST_12;BANK;REWARD_12_01
CONTEST_13;BANK;REWARD_13_01
CONTEST_14;BANK;REWARD_14_01
CONTEST_15;BANK;REWARD_15_01
CONTEST_16;BANK;REWARD_16_01
CONTEST_17;BANK;REWARD_17_01
CONTEST_19;BANK;REWARD_19_01
CONTEST_20;TB;REWARD_20_03
CONTEST_23;TB;REWARD_23_03
CONTEST_23;BANK;REWARD_23_04
CONTEST_25;BANK;REWARD_25_04
CONTEST_26;BANK;REWARD_26_04
CONTEST_28;GOSB;REWARD_28_01
CONTEST_28;TB;REWARD_28_03
CONTEST_28;BANK;REWARD_28_04
CONTEST_29;TB;REWARD_29_03
CONTEST_29;BANK;REWARD_29_04
CONTEST_30;TB;REWARD_30_03
CONTEST_30;BANK;REWARD_30_04
CONTEST_31;BANK;REWARD_31_01
CONTEST_32;TB;REWARD_32_03
CONTEST_32;BANK;REWARD_32_04
CONTEST_33;GOSB;REWARD_33_01
CONTEST_33;BANK;REWARD_33_04
CONTEST_34;GOSB;REWARD_34_01
CONTEST_34;TB;REWARD_34_03
CONTEST_34;BANK;REWARD_34_04
CONTEST_35;BANK;REWARD_35_04
CONTEST_36;BANK;REWARD_36_04
CONTEST_37;BANK;REWARD_37_04
CONTEST_38;GOSB;REWARD_38_01
CONTEST_38;TB;REWARD_38_03
CONTEST_38;BANK;REWARD_38_04
CONTEST_39_01;BANK;REWARD_39_01
CONTEST_39_02;BANK;REWARD_39_02
CONTEST_39_03;BANK;REWARD_39_03
CONTEST_40;BANK;REWARD_40_04
CONTEST_41;TB;REWARD_41_03
CONTEST_42;BANK;REWARD_42_01
CONTEST_43;BANK;REWARD_43_01
CONTEST_44;TB;REWARD_44_03
CONTEST_44;BANK;REWARD_44_04
CONTEST_45;GOSB;REWARD_45_01
CONTEST_45;TB;REWARD_45_03
CONTEST_45;BANK;REWARD_45_04
CONTEST_46;TB;REWARD_46_03
CONTEST_46;BANK;REWARD_46_04
CONTEST_47;BANK;REWARD_47_01
CONTEST_62;BANK;REWARD_62_01
CONTEST_63;BANK;REWARD_63_01
CONTEST_64;BANK;REWARD_64_01
CONTEST_65;BANK;REWARD_65_01
CONTEST_66;BANK;REWARD_66_01
CONTEST_67;BANK;REWARD_67_01
CONTEST_68;BANK;REWARD_68_01
CONTEST_69;BANK;REWARD_69_01
CONTEST_91;BANK;REWARD_91_04
CONTEST_92;BANK;REWARD_92_04
CONTEST_93;BANK;REWARD_93_04
CONTEST_94;BANK;REWARD_94_04
CONTEST_95;BANK;REWARD_95_04
CONTEST_96;BANK;REWARD_96_01
CONTEST_96;TB;REWARD_96_02
CONTEST_96;GOSB;REWARD_96_03
CONTEST_m_01;TB;REWARD_m_01_03
CONTEST_m_01;BANK;REWARD_m_01_04
CONTEST_m_02;BANK;REWARD_m_02_04
CONTEST_m_03;TB;REWARD_m_03_03
CONTEST_m_03;BANK;REWARD_m_03_04
CONTEST_m_04;TB;REWARD_m_04_03
CONTEST_m_04;BANK;REWARD_m_04_04
CONTEST_m_05;TB;REWARD_m_05_03
CONTEST_m_05;BANK;REWARD_m_05_04
CONTEST_m_06;TB;REWARD_m_06_03
CONTEST_m_06;BANK;REWARD_m_06_04
CONTEST_m_07;TB;REWARD_m_07_03
CONTEST_m_07;BANK;REWARD_m_07_04
CONTEST_m_08;BANK;REWARD_m_08_01
CONTEST_m_09;BANK;REWARD_m_09_01
CONTEST_m_10;BANK;REWARD_m_10_01
CONTEST_s_01_01;BANK;REWARD_s_01_01
CONTEST_s_01_02;BANK;REWARD_s_01_02
CONTEST_s_01_03;BANK;REWARD_s_01_03
CONTEST_s_03;BANK;REWARD_s_03_01
CONTEST_s_04;BANK;REWARD_s_04_01
CONTEST_s_05;BANK;REWARD_s_05_01
CONTEST_s_06;BANK;REWARD_s_06_01
CONTEST_s_07;BANK;REWARD_s_07_01